CUSNUM,CUSNAME,CUSAGE,CUSGENDER,CUSTEL,CUSADDRESS
1,Marcus Culkin,13,M,7331337246,35 Nelson Terrace
2,Etty Jannequin,,F,4034521691,138 Colorado Trail
3,Darby Juorio,33,M,7494212954,3246 Miller Plaza
4,Rossie Roon,,M,4481034227,
5,Mark Firbanks,52,M,8757796625,
6,Evangelin Botright,41,F,9924120166,8 Utah Drive
7,Pieter Rodd,27,M,1852129644,
8,Gunther Matysiak,67,M,2685964975,46 Mifflin Parkway
9,Joaquin Rafter,,M,1938143328,9394 Jay Center
10,Jeannine Orry,62,F,5201351860,06 Caliangt Crossing
11,Rudyard Bartelli,20,M,8155925185,475 Portage Alley
12,Filberto Yakovlev,74,M,6464127275,8 6th Court
13,Dallon Andrews,20,M,7553584212,
14,Ethan Jack,9,M,9855303228,7 Commercial Road
15,Devy Langlands,,M,4386198081,95 Calypso Pass
16,Curcio Barreau,72,M,7931962511,
17,Bartolomeo Wharram,23,M,7659121761,52790 Bonner Plaza
18,Garold Boles,,M,5538682011,
19,Sallee Albisser,,F,8798645587,161 Crowley Lane
20,Kari Matfield,28,F,6748107378,
21,Booth Suddards,45,M,4783051964,97 Straubel Plaza
22,Web Gabb,61,M,8839443447,095 Swallow Parkway
23,Galvan Killock,22,M,1262136261,045 Sunbrook Pass
24,Dorette Ebbotts,,F,4862324776,
25,Law Widmore,54,M,1448527966,61626 David Street
26,Walliw Duffit,54,F,9579269156,579 Aberg Road
27,Winny Normanville,22,M,6709523470,
28,Ranna Lukesch,78,F,3302457622,
29,Connie Petchell,74,F,7381515372,0263 Donald Road
30,Sylvan Yerrall,,M,2712795527,7415 Vernon Pass
31,Cassie Broadbere,77,M,1706469116,3 Harbort Way
32,Courtney Colwell,68,M,7519510590,509 Heffernan Circle
33,Michale McCloid,63,M,5104063579,198 Blaine Road
34,Drud Anetts,,M,3408439307,1 Moose Avenue
35,Perkin Passo,57,M,8181938009,835 Novick Avenue
36,Del Stoffers,,M,8052742623,051 Blaine Road
37,Nancey Burkman,68,F,5684845254,78412 Jay Road
38,Eleni Leger,,F,3575776510,2 Caliangt Park
39,Bernadine Reidshaw,58,F,1012870633,
40,Catina Salan,45,F,3055910428,018 Coleman Road
41,Obed Hanny,60,M,1302802228,58 Eggendart Junction
42,Krista Pickthorne,54,F,5463175175,585 Judy Hill
43,Malvina Simondson,35,F,4748215725,55 Fremont Court
44,Rory Kynman,57,M,4488776989,57 Melvin Road
45,Kevan Colloff,78,M,5369158937,01 Annamark Street
46,Chad Fowlds,39,M,9032628728,
47,Aileen Drayton,17,F,2746962954,49 Brentwood Circle
48,Michel Baldetti,,F,5914096977,09048 Barby Circle
49,Duke Burdess,68,M,4987751012,00461 Valley Edge Way
50,Irita Assur,79,F,3104834838,148 Eagan Lane
51,Chrisy Myhan,19,M,6083563465,66 Beilfuss Plaza
52,Tadd Murrow,56,M,7316979701,87 Bobwhite Street
53,Rolf Deacock,23,M,7956098322,206 Amoth Crossing
54,Dru Ephson,58,M,4369611555,3 Sutteridge Park
55,Bevvy Goodliff,,F,8703546799,9011 Loomis Plaza
56,Egor Borborough,38,M,9167348624,22208 Swallow Circle
57,Deonne Ditt,70,F,3472756255,44 Mariners Cove Alley
58,August Van den Dael,,M,7507813114,
59,Isak Hillam,37,M,6041117505,
60,Jaynell Quaif,19,F,3791005374,85 Warbler Road
61,Pammy Dunlop,22,F,3956584291,
62,Reinaldos Jarrard,62,M,3589057547,774 Loomis Avenue
63,Carmen Hanrahan,44,F,4306884265,
64,Kitti Burge,50,F,6511832985,
65,Werner Fettis,79,M,2118195440,
66,Winnah Starr,70,F,5802672794,3762 Jenna Point
67,Farly Le Brun,8,M,8566947995,
68,Adams Floris,61,M,2966199733,08119 Roxbury Trail
69,Vittoria Eshmade,37,F,9478390180,02681 Basil Road
70,Magdalena Van den Oord,,F,2437723597,3 Stoughton Terrace
71,Stefanie Bradd,75,F,7806107583,863 Thackeray Pass
72,Candace Belford,70,F,7704209685,2039 Hazelcrest Way
73,Dewitt D'Angeli,67,M,4138011281,44519 Meadow Valley Terrace
74,Marybelle Pratty,49,F,8423884971,8 Brickson Park Hill
75,Arman Rossiter,,M,3188999054,
76,Cathy Lyttle,,F,8865072483,
77,Lanny MacKenney,,M,6583433556,3 Dawn Plaza
78,Loralie Crews,72,F,2194655491,062 Rusk Place
79,Llywellyn Dirr,9,M,7871970904,648 Cordelia Avenue
80,Porter MacGrath,,M,5606325678,13248 Bluestem Pass
81,Crichton Karchewski,,M,7871709776,
82,Damiano Brilon,49,M,6122434081,47735 Anderson Terrace
83,Pepito Cowsby,,M,1417344042,
84,Mata Inston,24,M,9651835349,
85,Urson Colchett,16,M,3107641457,
86,Tatum Crocker,,F,6404540995,
87,Waylan Dickings,42,M,8108115007,102 Thompson Center
88,Giff Gunton,,M,4377453688,82 Mesta Point
89,Michal Renvoys,45,M,4162979785,
90,Flint Harry,70,M,2348157666,57 Granby Place
91,Branden Hellens,15,M,3678037119,9 American Ash Junction
92,Shayne McDavid,59,M,6104473363,3 Shopko Hill
93,Kelsi Wolfendale,,F,5108995597,
94,Kingsley English,,M,9555731300,83538 Golf Course Court
95,Roth Cicullo,50,M,5783068930,4 Sherman Pass
96,Kissee Gwillyam,25,F,9784672748,
97,Monti Klimuk,50,M,3759024646,82 Fairview Alley
98,Jessy Wolffers,19,F,2009351962,8 Center Junction
99,Chester Banisch,44,M,2672544388,4432 Northwestern Plaza
100,Mackenzie Scullard,,M,7909924310,
101,Erda Mandel,14,F,4116271813,
102,Guillemette Snelson,44,F,9774840914,4621 Eastwood Center
103,Tybalt McCambridge,20,M,6181816842,
104,Jereme Blain,31,M,1495160445,374 Bashford Circle
105,Catina Calow,,F,4813320985,85 Melby Court
106,Deanna Garrood,61,F,8316181560,
107,Greggory Antat,25,M,7753771676,
108,Sapphire Champley,39,F,6201094088,59 Debra Parkway
109,Tod Cloutt,79,M,7221535764,85037 Roth Crossing
110,Hunter Hawsby,31,M,2302821248,86940 Briar Crest Way
111,Sayers Monks,,M,9041401992,
112,Glynnis Gawthrop,43,F,3185604405,4415 Everett Lane
113,Georgeanne Dudgeon,,F,6758707091,
114,Zelig Soppit,16,M,9464122259,0 Banding Way
115,Langsdon Bediss,15,M,7689029471,599 Dakota Drive
116,Robbi Prevost,10,F,3813989828,
117,Laughton Thirst,77,M,9913273914,8 Steensland Parkway
118,Kylynn Wethered,27,F,1309474531,
119,Electra Redmond,8,F,9132908463,19 Banding Alley
120,Zea Gonzalez,75,F,6436166647,9 7th Hill
121,Hamlin Dizlie,,M,9087436927,4294 Dapin Avenue
122,Thorpe Court,67,M,5866771008,939 Carioca Court
123,Cristobal Sainsbury-Brown,73,M,9425251169,96 Delladonna Terrace
124,Charlene Scrigmour,18,F,1078482305,769 Rowland Parkway
125,Duane Dmitrichenko,,M,3127046046,
126,Nadia Beardsworth,29,F,4729039717,75 Coleman Circle
127,Lottie Mathely,76,F,9764724478,546 Alpine Plaza
128,Courtnay Sawrey,11,M,1372882455,19 Del Sol Lane
129,Thea Aylesbury,31,F,2139384647,
130,Rriocard Brecknell,,M,1881020597,
131,Emlyn Carletti,,F,2397345133,45136 West Avenue
132,Domenico Beldham,,M,8073459045,05 Golf Course Point
133,Sonni McLurg,,F,1582949322,4 Roxbury Junction
134,Kermie Lain,8,M,5137443490,2 Green Avenue
135,Thomas Ghelarducci,,M,5869393223,
136,Rhett Ridde,11,M,1795578525,988 Morrow Street
137,Cammy Everex,,M,2125766698,
138,Lorraine Van Salzberger,,F,3195172468,
139,Lilah Aulton,35,F,1694756596,99 Tennyson Way
140,Tove O'Donnelly,74,F,9429703716,
141,Peggie Crossby,36,F,6193164285,44224 Warner Center
142,Mordecai Hilling,28,M,4096963275,71 Bunker Hill Plaza
143,Meriel Huniwall,,F,9792751045,
144,Pammie Jonah,16,F,1899645720,35 Thompson Road
145,Audry Jeyes,74,F,3534210241,
146,Elliot Doding,14,M,1682242430,16901 Coleman Pass
147,Kimberli Thody,79,F,9277110050,691 Texas Drive
148,Vinnie Jerram,16,F,5745352729,7509 Golden Leaf Alley
149,Tressa Dovey,62,F,3295488985,268 Maple Road
150,Godfrey Boole,30,M,2694506537,2 Summer Ridge Road
151,Guthry Willgrass,30,M,1239735225,9118 Milwaukee Way
152,Megen Lyokhin,,F,5868032048,
153,Marta Gasparro,,F,8308595652,179 Milwaukee Pass
154,Burl Gadsden,54,M,2502211005,8 Knutson Court
155,Gery Cescon,63,M,2191629070,42260 Dwight Junction
156,Nathan Blaker,54,M,9013183976,
157,Adamo Gallant,57,M,3009427040,0974 School Hill
158,Tannie Beaman,26,M,3079099249,695 Fuller Point
159,Ramon Cattermole,44,M,3461787977,
160,Ninnette Sorrel,16,F,2544622874,6 Doe Crossing Parkway
161,Cullan Lynnett,10,M,1892171850,26 Thackeray Park
162,Robb Scolli,35,M,8819121154,27568 Ludington Circle
163,Quinlan Ryley,40,M,2917115350,
164,Fred Calvert,36,M,1221089973,67 Killdeer Way
165,Lanna Mose,19,F,5047649874,23 Sunbrook Trail
166,Byrle Farry,,M,6008877296,826 Milwaukee Court
167,Jori Baddow,,F,5462667295,8 Ramsey Drive
168,Heidi Cordingly,63,F,9955937912,
169,Ely Kolyagin,66,M,8166607774,5 Carioca Place
170,Leland Lockley,,M,8151937661,
171,Kat Bream,15,F,7601034431,
172,Launce Blaydes,,M,4939031044,
173,Clem Teresse,11,F,6536036311,727 Burrows Trail
174,Benjamin Von Der Empten,25,M,8445751098,
175,Dew Greenaway,,M,3889359879,
176,Dottie Warke,,F,3174317149,916 Eastwood Hill
177,Rianon Oertzen,15,F,5506262802,00692 Menomonie Way
178,Lyndell Jovic,14,F,1585068472,
179,Doris Gershom,43,F,2173992470,39 Annamark Way
180,Nonna Munnery,,F,6243285773,
181,Merwin Ransbury,36,M,9393288109,
182,Alis Coslett,,F,1713496745,2770 Erie Drive
183,Fidelio Bridgwood,48,M,6054041191,9051 East Trail
184,Ursa Allchin,53,F,4199212056,6200 Goodland Terrace
185,Neddy Kuhnke,50,M,4617828414,710 Northview Park
186,Anna-diana Hartley,39,F,6779430599,2 Sheridan Alley
187,Dale Aymerich,74,M,2406649897,8 Magdeline Avenue
188,Lorain Tantrum,21,F,1312184425,52697 Tennessee Avenue
189,Anallese Rodd,56,F,2785029090,20 Melrose Way
190,Brig Meader,17,M,4066855962,8 Graceland Alley
191,Danie Eldon,,M,8661973241,80968 Huxley Pass
192,Fan Spurdle,30,F,9931432457,75731 1st Plaza
193,Jack Colling,54,M,5009324156,5 Manitowish Drive
194,Nettle Lacelett,,F,7668498245,1 Mendota Pass
195,Ted Wigfield,40,M,6513528039,60 Eliot Pass
196,Elspeth Symons,79,F,6689377339,1 Badeau Lane
197,Alisa Bohan,,F,3137790526,60688 Dorton Drive
198,Vasili Muldoon,10,M,4305466706,5 Becker Circle
199,Briana Botley,15,F,8116835421,0574 Carey Parkway
200,Annabal Valadez,78,F,6505167648,
201,Ryan Netley,28,M,1992039208,
202,Aile Wilbraham,14,F,7055547893,01370 Schlimgen Pass
203,Lay Balthasar,,M,1914761932,30 Ilene Crossing
204,Ara Turbill,,M,6123330894,
205,Parrnell Bourdice,25,M,2605420189,
206,Sephira McCard,46,F,1374846502,6703 Laurel Avenue
207,Cassie Denslow,74,F,6565731062,
208,Frasier Brosio,,M,9399393331,
209,Boote Feldberger,22,M,2462333120,
210,Maxy Glassup,31,M,5621823804,4 Washington Court
211,Adorne Eye,65,F,6049163693,7 Trailsway Point
212,Hagen Yarrington,74,M,3384646714,36 Linden Road
213,Melba Devon,44,F,1552177914,6706 Ruskin Road
214,Reta Rihanek,15,F,9892342099,86610 Brentwood Center
215,Alexis Peizer,28,M,3147679407,76 Badeau Park
216,Sigismond Comellini,,M,9333494744,40 Kensington Point
217,Papagena Simonitto,67,F,3573307976,3 Hazelcrest Drive
218,Marcella Morican,,F,2398931809,41771 Eagan Terrace
219,Tom Pottiphar,26,M,2197186248,31023 Merrick Pass
220,Laina Samart,70,F,4165539447,
221,Obie Capstake,67,M,8109313270,
222,Alene Gooden,,F,1164927867,9 Northfield Plaza
223,Tiebout Stoffer,57,M,8894791485,111 Pawling Hill
224,Mitzi Aitkenhead,78,F,4642954134,
225,Layton Lundbech,,M,7474280238,171 Judy Street
226,Heywood Cradey,29,M,1163236802,8636 Dovetail Pass
227,Jori Giraudot,68,F,3974476907,9126 Old Shore Court
228,Gabriellia Fynan,72,F,9116130002,9345 Golden Leaf Lane
229,Byran Gorusso,16,M,6652778707,7 Scoville Terrace
230,Huntley Canto,23,M,5047201715,437 Nelson Road
231,Antonina Cancott,45,F,1418652533,812 Kennedy Park
232,Julieta Vinau,42,F,9239860396,
233,Joscelin Borrell,8,F,7978001148,346 4th Parkway
234,Lanae Cholonin,49,F,5055279294,
235,Patric Smiths,,M,9679423777,231 Waywood Hill
236,Abagael Adamov,20,F,8428207870,38786 Lakewood Gardens Road
237,Fredrick Lorenzo,23,M,3562169990,
238,Katina Aberdein,43,F,6006259360,771 Ilene Point
239,Dewain Kippling,49,M,1365712979,434 Reinke Lane
240,Kalil Spinige,11,M,2322061473,997 David Road
241,Gabie Shorton,,F,3913016367,76584 Calypso Drive
242,Felice Gherardesci,67,F,5804005056,4277 Loftsgordon Park
243,Thane Goutcher,50,M,9357713528,710 Iowa Center
244,Egon Corkhill,17,M,4343933807,7838 Melvin Lane
245,Janna Sibly,20,F,3805833165,6381 Sloan Crossing
246,Rozalie Lambdon,21,F,4314744859,
247,Arabella Dudmarsh,51,F,8269758991,
248,Mariska Epilet,80,F,8667048452,5 Lindbergh Center
249,Cristobal Pescod,16,M,4129272325,0 Commercial Pass
250,Twila Esposito,20,F,4822232886,462 Norway Maple Crossing
251,Faydra Primett,66,F,6478267664,2 Victoria Lane
252,Eadmund Buchanan,12,M,4081375360,9 Waxwing Park
253,Zara Wibrew,65,F,7778537730,
254,Alonzo Jerschke,,M,9654152800,713 Delladonna Way
255,Gav Stabler,75,M,9762737601,79 Northridge Junction
256,Angelico Tuhy,,M,9121396065,
257,Casandra Tilney,73,F,2565068515,8 Onsgard Lane
258,Hagen Cossor,25,M,4425229836,4 Debs Circle
259,Flynn Knox,59,M,3881734523,388 Lien Drive
260,Gonzalo Wheatley,35,M,3377317816,
261,Hall Fetter,44,M,2424572303,8935 Blue Bill Park Road
262,Carolyne Heighway,,F,4933452718,0986 Melrose Center
263,Domingo Shortan,67,M,9377578586,
264,Ardelle Polden,,F,6679463250,9 Katie Parkway
265,Ethelbert Stear,76,M,4478349667,
266,Dare Sprade,59,M,3394408535,
267,Stephie Cussins,42,F,1469912665,7607 6th Parkway
268,Kaye Tite,,F,2579462207,4 Corben Hill
269,Oswald Rother,30,M,6636337631,46 Warrior Way
270,Shaina Coneybeare,64,F,7352005830,
271,Jessee Slora,70,M,9974692299,1146 Eastwood Court
272,Zaccaria Saunderson,25,M,6777537532,
273,Rowland Jales,74,M,7862899072,008 Larry Park
274,Mitchel Landor,16,M,3374304261,
275,Humberto Ondricek,53,M,9481238327,77434 Burrows Terrace
276,Anna Tuminini,52,F,3494602547,
277,Marla Leonards,,F,1253958918,
278,Teddie Hulett,33,F,3139862888,7 Center Plaza
279,Arni Borel,39,M,8651101185,547 Manufacturers Lane
280,Abner Mannooch,38,M,2903744023,8 Reindahl Circle
281,Mikkel Madill,15,M,8414708445,5379 Gale Parkway
282,Darcey Glewe,30,F,7463172430,8 4th Drive
283,El Powdrell,47,M,6274107231,8 Browning Street
284,Sebastien Marsie,30,M,5409881870,
285,Brendon Dumblton,,M,4045830398,6 Killdeer Drive
286,Honey Howard,,F,6456986108,1 Farmco Alley
287,Delcina Camamill,61,F,6912397870,44 Rigney Junction
288,Claretta Lewing,69,F,1467279156,
289,Clive Mattessen,20,M,9955723473,
290,Gaultiero Zincke,48,M,3251659935,448 Melody Trail
291,Rosaleen Cubin,56,F,5652393336,55286 Huxley Parkway
292,Raddie Hengoed,10,M,7599781667,
293,Kerry Pietruszka,74,M,2067584809,45 Cherokee Way
294,Pier Simms,,F,3906216926,691 Nelson Hill
295,Granville Dolton,10,M,7047811200,
296,Vale Gorioli,34,M,9951895418,629 Pierstorff Lane
297,Clevie Whiles,,M,9732766790,3125 Gerald Junction
298,Calypso Climpson,52,F,8333850977,
299,Isobel Sime,30,F,1503228726,5201 Dunning Way
300,Adey Capner,33,F,7317089489,36 Stephen Parkway
301,Deva De Mitris,23,F,6411189087,
302,Jo Aspin,,M,9163037194,
303,Martita Dyas,11,F,8526985679,189 Oak Valley Road
304,Noe Godlee,54,M,4552497007,8431 Ridgeway Circle
305,Dillie Hurndall,71,M,6841442655,17 Bunting Street
306,Waylen Lyptrit,,M,9457097366,155 Morrow Hill
307,Gale Maccaig,49,F,6805785569,363 Green Ridge Lane
308,Walther Gillmor,46,M,4944684304,183 West Place
309,Priscilla Metts,27,F,5298473152,5633 High Crossing Park
310,Gleda Pizzey,8,F,6522598870,
311,Karoline Bolsteridge,,F,1849975858,601 Canary Junction
312,Meaghan Houlworth,36,F,2529539070,
313,Matelda Dade,,F,9894379293,
314,Meris Riseborough,,F,5985839856,97 Novick Trail
315,Lauri Mosen,13,F,8635118067,4 Kinsman Crossing
316,Marta Fehely,,F,9643119548,
317,Aileen Yurmanovev,56,F,4377472074,2 Algoma Terrace
318,Kristian Betteriss,12,M,5434421333,84 Bayside Terrace
319,Lilla Loidl,23,F,4041665077,9 7th Plaza
320,Alfie Lewsam,,M,4087211468,7407 Clove Drive
321,Talbert Kleinfeld,,M,6198932329,1935 Southridge Drive
322,Aarika Hedworth,46,F,5035389884,
323,Ardenia Carss,41,F,3891273693,963 Autumn Leaf Alley
324,Ashlen Gerrey,63,F,5601423296,55 Springs Point
325,Ruperto Capin,71,M,5362850323,
326,Ingar Minker,32,M,5878195530,90 Dunning Hill
327,Martelle Smead,32,F,1748528651,
328,Nikoletta Signore,11,F,9842665719,79 Helena Park
329,Konstantin Adran,8,M,3121118334,3627 Almo Avenue
330,Brandais Dobrowolski,66,F,6641856233,9 Village Road
331,Erminia Shelliday,53,F,5052344153,3 1st Junction
332,Karon Grayham,78,F,5036717530,
333,Olenolin Louch,53,M,1284937198,52164 Cordelia Junction
334,Hermon Simone,78,M,1223107643,389 Dottie Road
335,Olivia Graysmark,80,F,9467300270,
336,Adelind Satch,41,F,3772791964,5 Monterey Alley
337,Alice Keddie,10,F,5748527875,
338,Thurston Cescot,10,M,3301281941,94 Carberry Point
339,Donny Maynell,64,M,4039003931,
340,Nelia Pottinger,19,F,7252589739,30 Namekagon Avenue
341,Katusha Detoile,24,F,5368664315,
342,Sascha Greeding,49,M,5186865259,
343,Amalia Martinet,63,F,7439047058,206 Grim Alley
344,Weber Dobie,25,M,9854736776,2 Rockefeller Terrace
345,Deloria Franckton,79,F,6253676993,02280 Annamark Street
346,Matty Hadrill,37,M,3155032328,
347,Delly Scruby,48,F,2597249414,24601 Main Park
348,Dene McWhannel,,M,9448348677,68 Cherokee Place
349,Byran Tongs,74,M,6439974248,9 Hintze Plaza
350,Valida Gornar,50,F,5521063550,
351,Vinny Benger,64,M,4492455608,6 5th Trail
352,Vally Mumby,29,F,1139699899,3 Straubel Circle
353,Lance Commusso,16,M,3829138683,
354,Karel Priddey,73,F,6166713732,
355,Kasper Biggs,17,M,4637502581,2 Cordelia Avenue
356,Shalne Danes,,F,2783486022,
357,Bunni Twiggs,25,F,8775257444,70 Merrick Drive
358,Raffaello Ryves,9,M,7832177212,10 Red Cloud Plaza
359,Dukie Giannazzi,25,M,2309005062,531 Knutson Junction
360,Duane Boot,56,M,5622504015,
361,Paxon Lambertz,31,M,7679713144,963 Lukken Crossing
362,Datha Conduit,45,F,9204696664,02 Rockefeller Park
363,Neysa Brave,65,F,3535794312,67439 New Castle Plaza
364,Odell Rouch,9,M,3855842879,734 Sutherland Drive
365,Rochella Stowers,,F,6256479138,932 Stone Corner Place
366,Yule Stoddart,10,M,7575284523,
367,Preston Beddo,50,M,6913267472,
368,Paddie Tetsall,34,M,5838896271,
369,Kerwinn Shotton,58,M,5223490212,1 Mosinee Circle
370,Candi Wornham,41,F,1691234360,96460 Sunbrook Center
371,Sheffie Rennick,,M,9351679122,67278 Dryden Circle
372,Stormy Guillem,58,F,9472879241,
373,Candi Collard,35,F,7425808130,11439 Merry Drive
374,Marsiella Raven,19,F,4489889037,0 Comanche Road
375,Gladi Berthel,40,F,4871560432,48 Westend Place
376,Land Lowres,36,M,8297124009,14425 Dayton Point
377,Stevy Maric,76,M,2729648111,9 Namekagon Street
378,Della Harbidge,72,F,7728683619,898 Springs Terrace
379,Branden Tanby,41,M,7223302664,1918 Continental Plaza
380,Abraham Shoreson,79,M,2616497010,113 Hooker Pass
381,Earle Goodboddy,42,M,4398650624,059 Anderson Avenue
382,Pattie Medlen,36,M,4262453675,93 Kim Junction
383,Ali Grigg,43,M,8546345057,0 Porter Lane
384,Cindi Joslow,80,F,7484068289,7464 Spenser Avenue
385,Homere Tippell,19,M,1111697479,5 3rd Drive
386,Brendis Dey,54,M,6961980286,
387,Malorie Crew,57,F,9417192159,52 Cordelia Road
388,Muhammad Phelip,49,M,8897281058,700 Service Alley
389,Cletus Brownsett,40,M,3135614014,168 Badeau Parkway
390,Germain Aveline,34,M,1144513995,583 Pierstorff Avenue
391,Valentine Jantet,,M,8808372001,99568 Mariners Cove Street
392,Roslyn Mitten,59,F,2264230822,08996 Michigan Trail
393,Chevalier Nayer,76,M,3087629448,
394,Chiquita Mil,14,F,2832428033,86 Sunnyside Junction
395,Gunther Pering,66,M,1096825987,1181 Waubesa Alley
396,Padriac Nordass,52,M,4256898041,542 Grim Drive
397,Charity Beere,16,F,5478958291,
398,Jsandye Huby,,F,7332651053,
399,Abby Fowkes,69,F,3367051323,908 Messerschmidt Place
400,Normand Kuhndel,55,M,8096208402,0 7th Trail
401,Carmelle Spears,,F,8915326528,9486 Dexter Way
402,Dawna Avieson,,F,5495753695,323 Valley Edge Plaza
403,Minerva Barzen,22,F,8423514257,
404,Maryanne Brumbye,59,F,9245571913,57 Mockingbird Point
405,Judy Eingerfield,14,F,3588608848,294 Pierstorff Road
406,Tallie Pinchin,53,F,1564493445,502 Toban Way
407,Maxi Oldknow,42,F,3895160815,6421 Sullivan Crossing
408,Dar Pickworth,52,M,1949089623,
409,Morgan Solly,33,M,2497470283,99 Magdeline Park
410,Rene Regina,,M,1425840733,0 Waubesa Pass
411,Nettie Wimpeney,71,F,7251366847,
412,Mordecai Cooksey,63,M,5934171795,5 Porter Road
413,Chilton Ivanchov,61,M,1603343731,
414,Benny Kamena,76,F,8968714743,113 Glacier Hill Lane
415,Natalya Ratie,12,F,8003594231,166 Glendale Alley
416,Hedy Cresswell,59,F,7998532876,6 Westridge Avenue
417,Chandal Woolaghan,68,F,3459283006,
418,Cissy Addekin,77,F,9619001257,
419,Mireille Routledge,54,F,5704027981,41 Hansons Center
420,Thorny Peteri,65,M,5047966369,799 8th Road
421,Blaine Renwick,23,M,8322102855,8 Sundown Pass
422,Janella Armand,,F,4852317424,6 Lerdahl Parkway
423,Shantee Carbonell,55,F,7011007191,8932 Meadow Vale Junction
424,Gardner Andriolli,26,M,8923701057,7 Hayes Center
425,Richardo Burwell,31,M,6859994865,296 Sunbrook Alley
426,Wye Foskin,18,M,3912070924,
427,Glynn O'Neill,75,M,2044966323,82 Bartillon Junction
428,Perla Jeannequin,73,F,1582091284,9117 Dorton Court
429,Raddy Matz,38,M,3433952781,4591 West Drive
430,Dilan Teall,60,M,5964496192,
431,Rockey Vedenisov,,M,1203221150,79057 Schiller Plaza
432,Karlan Turfus,,M,6403262548,301 Center Court
433,Randa Reynard,40,F,8822059927,
434,Cleve Khomich,57,M,8534219388,824 Marcy Circle
435,Reggie Lenz,62,F,4679135467,
436,Jania Tolmie,80,F,4685430611,79921 Bunting Place
437,Dan Gammons,,M,6935505166,930 South Parkway
438,Vinita Wilford,48,F,7463874607,3754 Manufacturers Road
439,Inglebert Cluely,72,M,4876742382,23 Stang Avenue
440,Bert Caddick,43,M,6007035461,73 Harbort Street
441,Sheilah Eatock,40,F,4902165005,511 Pearson Park
442,Lorelei Gelland,13,F,6058847418,
443,Wanids Wheway,58,F,7828580878,9641 Farragut Drive
444,Kirsti Houndsom,22,F,1696056674,29813 Briar Crest Junction
445,Wallace Snoden,43,M,4666073319,20 Chinook Hill
446,Henrieta Savege,63,F,1818120916,9940 Fordem Avenue
447,Lodovico Piddington,73,M,8485796163,3 Ridge Oak Avenue
448,Charlton Arboin,74,M,6867351679,
449,Cobby Buxy,16,M,1989789701,9065 Portage Hill
450,Ame Ridsdole,31,F,8483719054,
451,Jorie Comley,47,F,5984541414,0 Cody Drive
452,Linus Rodge,61,M,8977393705,94 Shelley Way
453,Yorke Whittick,,M,4283817536,
454,Stearne Duetschens,79,M,6723139518,7258 Mayer Plaza
455,Roseline Maben,58,F,9797201092,091 Pond Crossing
456,Hurlee Eustes,26,M,9936868605,
457,Davy Stetlye,54,M,7802191890,96328 Fairfield Street
458,Saxon Caplen,14,M,1032446852,53 Merrick Junction
459,Melonie Klauer,30,F,2399841075,082 Hazelcrest Alley
460,Hammad McEntagart,,M,2951159230,581 Dixon Plaza
461,Melanie Kann,,F,9363789631,698 Morningstar Parkway
462,Tildi Manass,80,F,2479523222,
463,Cary Orrill,34,F,2018247399,27 Veith Hill
464,Dinny Longhorne,,F,6602294349,147 Claremont Circle
465,Lauree Middler,,F,6618878014,
466,Magnum McGawn,67,M,1712804772,288 Tennessee Plaza
467,Vin Riby,46,F,1115555525,
468,Misty Ingray,38,F,1362324761,17761 Dayton Circle
469,Enriqueta Garz,41,F,3189166608,
470,Mead Ende,44,F,7883428220,3555 Park Meadow Point
471,Langsdon Mullins,44,M,9578897706,
472,Kaylee Ebbers,17,F,6076703056,07 Pearson Way
473,Elvira Ellershaw,40,F,8951290067,
474,Eveleen Rupel,8,F,9791573917,9846 Truax Way
475,Alysia Lynas,,F,6808014656,
476,Raine Moehle,68,F,9647164207,
477,Susanetta Comport,,F,3998547375,20597 Northridge Road
478,Emlyn Sloegrave,34,F,9716354253,567 Waywood Terrace
479,Aime O'Skehan,20,F,6435108179,165 Park Meadow Junction
480,Leta Mulrooney,,F,7492810376,24 Commercial Point
481,Alford De Lascy,74,M,9251985175,0646 Mayer Parkway
482,Giff Whalley,,M,7365132607,
483,Elsinore Kernocke,,F,2156067891,
484,Dov Wicken,20,M,1706444512,673 Anzinger Road
485,Kandy Firth,,F,1355477929,
486,Teressa Beldon,36,F,5445786364,
487,Grethel Korb,60,F,6834854396,08 Blaine Center
488,Renado Jack,,M,8266088907,5 Briar Crest Point
489,Veronica Leupoldt,68,F,3125575418,5 Daystar Drive
490,Wildon Gammill,,M,8033449196,9 Carberry Place
491,Corella Leemans,65,F,3198742009,
492,Hynda Scopham,38,F,7982604483,
493,Jacinda Clausen,9,F,5106259133,
494,Hasheem Savary,46,M,3271950721,80353 Maywood Court
495,Dorena Mewrcik,22,F,7379638619,23876 Helena Hill
496,Tiffy Janko,,F,5423958869,60805 Oak Valley Alley
497,Israel Myhan,49,M,5783625119,7543 Pond Place
498,Spencer O'Heffernan,,M,9054807817,69 Farragut Park
499,Charlie Rait,21,M,8712391061,
500,Pansy MacKnockiter,79,F,6155519309,3184 Johnson Lane
501,Janette Dunston,63,F,2226391271,85602 Elgar Avenue
502,Sheena Shirtcliffe,,F,7429636270,
503,Maddy Mountcastle,60,M,4257787144,987 Butterfield Street
504,Maible Keighley,46,F,7465569601,25 Merry Drive
505,Joyann Glading,67,F,9423380710,
506,Manny Carbery,38,M,5929652357,
507,Zelda Bocking,,F,2842667402,
508,Lexis Tollady,,F,9838695274,45 Milwaukee Center
509,Laird Cooksey,9,M,8807660564,80 Barnett Terrace
510,Beverly Ibbitt,73,F,9396490106,52 Sugar Point
511,Randy Basire,24,M,5252899615,03701 Hayes Hill
512,Neda Loxly,31,F,9904360597,
513,Sidonnie Lapidus,55,F,7625445226,4 Texas Park
514,Koo Hilbourne,35,F,7194315726,678 Paget Court
515,Birgitta Gravy,70,F,3295835516,24 Shelley Road
516,Murry Zannutti,38,M,5545871387,7810 Orin Trail
517,Tanney Worshall,15,M,3906707154,4 Hanover Junction
518,Forester Dowsey,20,M,3555454975,
519,Brit Glasard,80,F,7246196231,
520,Brandyn Kollasch,79,M,1412200079,871 Union Hill
521,Ellswerth Felmingham,23,M,5471064753,21895 Oakridge Terrace
522,Abbott Redholls,10,M,9911882194,1 Southridge Road
523,Terrence Cobden,,M,3901043521,51479 Prentice Junction
524,Axel Zanioletti,33,M,9974809889,
525,Daveen Demageard,59,F,4061134607,
526,Corabelle Kippins,64,F,9477393782,12 Dakota Plaza
527,Oralie Leggis,17,F,5034609149,
528,Swen Sellers,10,M,6511018960,
529,Maxie Arnett,27,M,4185604352,24 Nobel Point
530,Cyndi Feilden,37,F,2617903693,06 Esker Avenue
531,Rahel Burgott,19,F,5078154588,0 Sunfield Drive
532,Ann Brumwell,44,F,4385809811,2221 Stoughton Drive
533,Dyanna Roback,,F,5262131743,
534,Gaven Marskell,28,M,6597421310,73 Gateway Hill
535,Nelly Slite,17,F,2062970137,9828 Redwing Way
536,Nevins Merrick,62,M,4372928469,882 Arapahoe Street
537,Andra Abbatucci,15,F,5431472570,03 American Ash Circle
538,Ganny Sibson,53,M,9687560450,54537 5th Avenue
539,Hardy Aberdeen,61,M,9788370776,
540,Minnnie Gratland,18,F,5035319746,
541,Kettie Witherspoon,18,F,3028039718,
542,Zonda Greenroyd,,F,7258498961,42379 Roxbury Parkway
543,Ogden Tullis,66,M,6045661483,6095 Sage Lane
544,Katusha Kempton,,F,1818419688,14852 Mariners Cove Alley
545,Aubry Rikard,,F,4136441146,2 Pierstorff Park
546,Susy Bowdler,12,F,3641743999,61 Park Meadow Avenue
547,Nilson Blandamere,42,M,9015081675,195 Dryden Point
548,Saunderson McCroary,70,M,9419747212,51809 Mosinee Way
549,Jobyna Morgen,31,F,8232128585,40 Nova Drive
550,Ronni Moro,33,F,4788581960,1418 Alpine Avenue
551,Vidovic Squirrell,69,M,6634107944,76365 Chinook Road
552,Fannie Brewett,60,F,3276133115,614 Dottie Pass
553,Cookie Brittan,37,F,1836342768,157 Nova Alley
554,Errol Cutting,49,M,6219993465,
555,Dacie Maleby,8,F,9514805908,
556,Rosalind Filmer,35,F,2716043643,33 Canary Point
557,Maighdiln Rihanek,38,F,1269205437,
558,Chloette Colbert,53,F,2681031290,
559,Creight Liversidge,,M,1629252480,2558 Mcguire Hill
560,Sullivan Stringfellow,,M,7487020536,071 4th Park
561,Norry Francisco,16,M,3048379554,
562,Dionisio Blofield,,M,8543277786,
563,Haslett Tomczak,15,M,4265999789,8205 3rd Circle
564,Alaric Lismore,,M,5042648609,
565,Evelyn Rainger,,M,1381561571,5619 Charing Cross Drive
566,Roxi O'Hartnedy,15,F,1057866496,
567,Ofilia Perazzo,39,F,2474798830,
568,Merla Forsard,46,F,6378140927,
569,Adina Godfree,23,F,5945435745,4 Express Park
570,Sande Pole,65,F,3299485366,1 Loeprich Park
571,Aldric Bodicum,33,M,4907739687,7 Sachs Terrace
572,Elaina Blackledge,,F,2414807013,
573,Patten Fadell,74,M,5239650540,79447 Kenwood Hill
574,Lulita Briers,45,F,7511103057,97893 Golden Leaf Terrace
575,Claudie Rzehor,12,F,3928097876,1 Forster Pass
576,Ethelyn Badgers,49,F,8253430152,061 Morrow Court
577,Robinetta Luxford,43,F,7629195546,9467 Victoria Court
578,Marga Claiden,,F,3733888308,471 2nd Pass
579,Georgeanna Wickwar,41,F,6788293668,
580,Archy Clemow,71,M,2499804221,62669 Tennessee Avenue
581,Laurens Mewe,41,M,9741632298,
582,Yanaton Kohrs,39,M,9214137515,9 Alpine Court
583,Hillier Ovey,32,M,7043356112,58 Mayer Lane
584,Isidore Fairbanks,,M,9633227793,68 Steensland Trail
585,Torrin Jeffers,,M,8852158803,02 Evergreen Street
586,Walsh Tuiller,,M,3187591417,396 Darwin Street
587,Lindy Matuszewski,41,M,9003660443,
588,Gabriel Nolleau,43,M,8909992565,400 Acker Point
589,Rafferty Seaking,41,M,5058442736,8746 Talmadge Lane
590,Alexander Heaphy,27,M,4041772482,1495 Ridge Oak Crossing
591,Helen-elizabeth Rattenbury,10,F,4181813114,464 Onsgard Alley
592,Nettle Purkis,25,F,8339579650,
593,Sheridan Gratland,48,M,3438677986,
594,Arlyne Amori,35,F,8259010172,
595,Keefer Doyley,61,M,4633095475,
596,Bev Lightoller,38,M,5849632521,7041 Moulton Hill
597,Cullie Readmire,,M,8289696305,2635 Pearson Drive
598,Linnet Mardlin,39,F,3847288453,4 Carberry Crossing
599,Jamima Jorcke,35,F,8326972274,
600,Kennie Shorie,71,M,5817978764,9 Brentwood Plaza
601,Gennifer Knightly,73,F,5596414130,09 Amoth Point
602,Ware Eliet,,M,3805697379,84 Atwood Place
603,Prudi Monnery,38,F,3355453314,028 Cambridge Hill
604,Abbey Wyldbore,41,M,9612338641,48 Longview Pass
605,Ethyl Marzelle,9,F,1385543169,
606,Gennie Jansa,14,F,7076922384,6888 Katie Hill
607,Franz Pycock,,M,7359560873,
608,Gabriele Winters,,M,9175466776,83 Lakewood Crossing
609,Adina Kisar,24,F,7283655803,52624 Garrison Drive
610,Rey Rumney,63,F,9736220470,118 Shasta Junction
611,Linn Cotgrave,,M,5045135305,
612,Nickolai Bishop,42,M,4902227658,13 Schurz Circle
613,Brandy Benedicte,64,F,7507900947,7 Maywood Circle
614,Merrel Pickerell,66,M,5763854811,0472 Birchwood Plaza
615,Debbi Parysiak,36,F,6957165445,
616,Ronni Birkmyre,23,F,4294763705,
617,Romeo Ciobutaro,40,M,1153324446,3 Valley Edge Way
618,Zelma Sharvill,39,F,3547321180,84 Jenna Pass
619,Denise McReedy,41,F,6101448844,2793 Shopko Hill
620,Ethelin Peacock,42,F,1975479929,2728 Tony Park
621,Kimberlyn Blackboro,62,F,7156844573,9195 Mccormick Parkway
622,Hugibert Robrose,22,M,8794420022,1 Grasskamp Park
623,Sebastiano Grcic,73,M,2524796900,22 Macpherson Drive
624,Brigitta Pipworth,63,F,2864364200,83948 Sutteridge Alley
625,Arabela Pigny,,F,1487046722,2150 Elka Drive
626,Joel Bauchop,20,M,8786500888,9222 Bluestem Street
627,Crawford Lipson,69,M,2465703922,
628,Siana McWhinnie,55,F,5384116244,400 Mariners Cove Avenue
629,Delano Lishmund,8,M,3386099325,
630,Nicolis Dauby,24,M,8895732843,
631,Lily Mulvagh,71,F,2761303036,857 Heath Terrace
632,Kameko Spaldin,51,F,9614831011,45019 Mosinee Parkway
633,Helenelizabeth Fraschetti,66,F,9177772663,35 Mariners Cove Trail
634,Kaylee Blasing,9,F,6279022909,2 Warner Crossing
635,Rachel Spelling,66,F,5232649923,
636,Ericka Patron,46,F,2333259679,0 Sloan Junction
637,Addie Heckner,23,F,5045373486,3814 Fairview Avenue
638,Audie Allibon,51,F,7321835504,5 Swallow Alley
639,Whit Alcalde,20,M,3147831016,5800 American Alley
640,Stacee McCleod,17,M,7328686579,83013 3rd Drive
641,Ward Francis,41,M,2045060166,6 Judy Circle
642,Yvor Pexton,34,M,5339228837,545 International Point
643,Dianna Itzchaki,48,F,4794548265,42 Corben Terrace
644,Pamela Brickhill,37,F,9952881537,
645,Estel Scrimgeour,63,F,8853560835,09650 Oxford Plaza
646,Wenonah Cunnah,15,F,1016962703,79 Valley Edge Terrace
647,Kirby Goman,25,F,4363224135,56564 East Alley
648,Eudora Krates,16,F,7841494448,8258 Hauk Crossing
649,Kenny Patkin,72,M,6348995145,2 Rutledge Junction
650,Arda Onyon,15,F,3423568894,
651,Shantee Teggart,,F,3331894392,
652,Orbadiah Cundy,19,M,8766525272,330 Hermina Terrace
653,Bryana Kealey,48,F,8539510975,7 Aberg Alley
654,Filberte Eivers,47,M,7336876162,
655,Erl O'Sherin,74,M,1894761163,741 Spohn Point
656,Cele Fines,77,F,2239796660,90 Oneill Trail
657,Sharai Jenney,43,F,1182510576,0 Manley Street
658,Ashien Billingsley,26,F,9857386920,948 Mockingbird Court
659,Duff MacGilpatrick,46,M,8413371411,
660,Horace Dyhouse,65,M,1633898729,8 Thierer Circle
661,Bearnard Bundy,48,M,7659674985,7 Armistice Crossing
662,Randene Imlock,18,F,6857865724,
663,Germain Wilmott,23,M,2442803430,
664,Avery Dickons,10,M,2577754788,7 Atwood Terrace
665,Georgena Venmore,25,F,7385467255,98 Memorial Alley
666,Corly Caunter,,F,3583386364,
667,Brnaba Meconi,16,M,3012604120,044 Sheridan Point
668,Nanon Broadway,65,F,3682053377,20 Elmside Drive
669,Westleigh Kubal,66,M,1531297230,
670,Esme Hansley,,M,3843520964,97 Bultman Circle
671,Ondrea McGowran,,F,4453783014,03530 Packers Trail
672,Othilia Mettetal,20,F,6458232077,75 Kings Circle
673,Francois Byass,,M,1859528476,
674,Barret Karlicek,29,M,3348250162,
675,Vergil Guilbert,,M,5009202708,9 Corscot Hill
676,Maje Alder,70,M,2306621274,
677,Gary Patman,74,M,9524353555,84739 Cardinal Alley
678,Ina Slimm,60,F,6019090331,309 David Alley
679,Lurette Arnoll,,F,2801573066,78 Fuller Junction
680,Elmira Alwen,14,F,3347223766,
681,Cesaro Logue,17,M,2266254427,679 South Drive
682,Lissi Oswick,79,F,6722563112,
683,Rene Ladyman,53,M,4645531131,057 Monica Junction
684,Kittie Polle,47,F,2554612882,
685,Tiphany Nix,64,F,8735121831,97500 Manitowish Pass
686,Aeriel Garlette,,F,3614102455,02734 Lighthouse Bay Terrace
687,Ring Wofenden,76,M,5819603627,
688,Des Garm,53,M,5795350698,
689,Aubert Wilbore,43,M,6533470212,409 Hovde Junction
690,Amerigo Djakovic,12,M,8239498581,
691,Toinette Wraighte,72,F,3429131735,7 Heath Point
692,Harland Goodings,,M,1531417060,6468 Oxford Hill
693,Ernest Hugonneau,63,M,6524100697,96281 Calypso Point
694,Darrelle Papa,,F,9184796749,9636 Esker Drive
695,Jan Luffman,35,M,8253953189,
696,Osborn Raggitt,24,M,1322584530,2507 Crowley Place
697,Alleyn Dilrew,,M,3752419231,971 Green Hill
698,Bronson Becker,64,M,8357686643,09 Bultman Avenue
